t,ax,ay,az
6.376553058624268,-0.0949,-0.0397,0.1307
6.385874032974243,-0.1049,-0.0637,0.086
6.394155979156494,-0.0549,-0.0155,-0.0607
6.406181812286377,-0.014,-0.0081,-0.1955
6.414650917053223,0.0537,0.0115,-0.3271
6.42636513710022,0.1214,0.0717,-0.4587
6.435090065002441,0.1525,0.1672,-0.6091
6.4466681480407715,0.2073,0.2408,-0.7363
6.455603837966919,0.1825,0.2476,-0.7947
6.466719627380371,0.2239,0.2975,-0.798
6.476219177246094,0.22,0.3475,-0.6689
6.484256744384766,0.1813,0.2443,-0.6193
6.496269941329956,0.0752,0.1522,-0.5286
6.504823207855225,-0.0132,-0.1539,-0.2496
6.516507148742676,-0.1632,-0.1848,0.2595
6.525798082351685,-0.304,-0.2812,0.6974
6.536693572998047,-0.3746,-0.2719,0.9368
6.545780658721924,-0.3412,-0.2822,1.0646
6.556613445281982,-0.2918,-0.3113,1.0312
6.566878080368042,-0.3317,-0.2547,0.8439
6.574272394180298,-0.3087,-0.2402,0.7619
6.586771011352539,-0.2918,-0.2566,0.7003
6.594777822494507,-0.2578,-0.0945,0.4581
6.606693267822266,-0.2217,-0.0541,0.2661
6.6154985427856445,-0.1235,-0.043,0.1022
6.626759052276611,-0.0195,0.0125,-0.1166
6.635939598083496,0.0673,0.0834,-0.3201
6.644001245498657,0.1225,0.1285,-0.4813
6.656221151351929,0.1857,0.1725,-0.5876
6.664569139480591,0.2402,0.2263,-0.6545
6.676364898681641,0.2593,0.2382,-0.6636
6.685030937194824,0.252,0.2394,-0.7537
6.696550130844116,0.2137,0.2254,-0.7708
6.705350875854492,0.2991,0.2455,-0.5712
6.716801881790161,0.2246,0.1841,-0.5157
6.7260072231292725,0.1932,0.081,-0.5621
6.734186172485352,0.1589,-0.0063,-0.332
6.74617338180542,0.0458,-0.0595,0.0241
6.754606008529663,-0.0194,-0.0198,0.3107
6.76648211479187,-0.248,-0.1724,0.627
6.7750842571258545,-0.2995,-0.2422,0.837
6.7874596118927,-0.3148,-0.2853,0.9573
6.795588731765747,-0.3116,-0.2615,0.9236
6.806889533996582,-0.266,-0.1831,0.7538
6.8160154819488525,-0.2802,-0.2165,0.7073
6.8243021965026855,-0.2495,-0.1524,0.504
6.836401700973511,-0.2249,-0.0463,0.2351
6.84473180770874,-0.2053,-0.0118,0.1769
6.856602430343628,-0.1066,-0.0126,-0.0208
6.865272760391235,-0.0154,0.048,-0.0942
6.8767359256744385,0.076,0.0693,-0.2308
6.885615825653076,0.1153,0.1246,-0.4202
6.896980285644531,0.1642,0.1507,-0.543
6.906142234802246,0.2189,0.1923,-0.5914
6.9143452644348145,0.2411,0.2323,-0.7178
6.9267191886901855,0.218,0.243,-0.8023
6.934859991073608,0.2735,0.2365,-0.7493
6.946611642837524,0.2278,0.2007,-0.5707
6.955199718475342,0.1598,0.1408,-0.6082
6.966808319091797,0.083,0.0408,-0.439
6.975790023803711,-0.0123,-0.1241,-0.1204
6.98705267906189,-0.0555,-0.1141,0.345
6.996212720870972,-0.2494,-0.242,0.7603
7.004467487335205,-0.2841,-0.2713,1.0383
7.016343832015991,-0.3071,-0.2781,1.1336
7.024873495101929,-0.2709,-0.2319,0.9686
7.0366833209991455,-0.2748,-0.2094,0.7307
7.045507907867432,-0.2924,-0.2111,0.5682
7.056902170181274,-0.2798,-0.1373,0.39
7.065770864486694,-0.2278,-0.0495,0.126
7.077128648757935,-0.1252,-0.0081,-0.0132
7.087268829345703,0.0082,0.0314,-0.1195
7.094580888748169,0.0981,0.0644,-0.3242
7.1070122718811035,0.1859,0.1631,-0.5061
7.115054607391357,0.2178,0.1757,-0.6359
7.126774549484253,0.265,0.2191,-0.7247
7.135473966598511,0.2721,0.2102,-0.7828
7.147007465362549,0.2736,0.196,-0.7747
7.15601372718811,0.3339,0.1937,-0.7016
7.164163589477539,0.2534,0.0962,-0.6202
7.176369667053223,0.1929,0.0444,-0.5511
7.184645652770996,0.1239,0.0157,-0.3555
7.1965906620025635,0.0135,-0.0226,-0.0121
7.2052507400512695,-0.1652,-0.1281,0.415
7.216807126998901,-0.2251,-0.2085,0.6979
7.225707769393921,-0.2613,-0.2539,0.8683
7.236974239349365,-0.3061,-0.3134,1.048
7.246137619018555,-0.2802,-0.2643,0.9544
7.254401683807373,-0.2934,-0.213,0.7178
7.266698598861694,-0.2349,-0.229,0.6335
7.27482533454895,-0.2776,-0.1625,0.3721
7.2869744300842285,-0.1695,-0.0418,0.1534
7.295277118682861,-0.1257,-0.0234,0.0165
7.306999921798706,-0.035,-0.004,-0.1048
7.315754652023315,0.0466,0.0071,-0.282
7.327101230621338,0.1168,0.1008,-0.4237
7.337224006652832,0.1594,0.1467,-0.5203
7.34443736076355,0.2222,0.2216,-0.6024
7.356513977050781,0.2511,0.2547,-0.6856
7.364826679229736,0.2779,0.249,-0.7764
7.3768322467803955,0.2349,0.222,-0.7617
7.385390758514404,0.3009,0.2703,-0.6863
7.396965980529785,0.2599,0.178,-0.5828
7.405782699584961,0.2657,0.1039,-0.5377
7.41710901260376,0.1691,0.0993,-0.3887
7.426300048828125,0.1552,0.0825,-0.0044
7.434593200683594,-0.1769,-0.0901,0.5029
7.446799993515015,-0.1838,-0.132,0.8182
7.455013990402222,-0.2456,-0.186,0.9771
7.466850757598877,-0.2798,-0.2841,0.9859
7.475481748580933,-0.2607,-0.2753,0.9152
7.486934661865234,-0.2629,-0.2001,0.6964
7.495988368988037,-0.2825,-0.1982,0.6332
7.507248878479004,-0.2838,-0.0994,0.4744
7.51637601852417,-0.233,-0.0302,0.2335
7.524500846862793,-0.1655,-0.0217,0.1421
7.536712408065796,-0.0668,0.0286,-0.0653
7.545053720474243,0.0231,0.0439,-0.1946
7.556843519210815,0.1461,0.135,-0.3343
7.565788984298706,0.1782,0.1779,-0.4952
7.577033281326294,0.2208,0.2109,-0.5709
7.586654424667358,0.228,0.2228,-0.6202
7.597214937210083,0.2099,0.2134,-0.6831
7.607525587081909,0.1964,0.1748,-0.7089
7.614458084106445,0.2239,0.1219,-0.6377
7.6264073848724365,0.239,0.1096,-0.5146
7.634740352630615,0.1766,0.084,-0.4524
7.646568298339844,0.0972,0.0991,-0.36
7.655531644821167,-0.0453,0.0288,-0.0748
7.667137145996094,-0.0811,-0.0352,0.3203
7.676212787628174,-0.2532,-0.2065,0.6767
7.684286594390869,-0.2531,-0.2361,0.8853
7.696859121322632,-0.2331,-0.2689,0.9222
7.70486855506897,-0.259,-0.2194,0.8867
7.71672248840332,-0.2498,-0.1684,0.7714
7.7253098487854,-0.2592,-0.1387,0.6127
7.736943483352661,-0.2589,-0.1348,0.4647
7.745881795883179,-0.2024,-0.0722,0.179
7.757227182388306,-0.1016,-0.0394,0.0119
7.7663679122924805,-0.047,-0.0486,-0.0817
7.774467706680298,0.0585,-0.0051,-0.197
7.786592245101929,0.1169,0.0588,-0.3708
7.79496955871582,0.1364,0.0814,-0.4727
7.806825637817383,0.2042,0.1334,-0.5444
7.815449237823486,0.2136,0.1604,-0.6129
7.827197551727295,0.2519,0.1904,-0.7043
7.837010860443115,0.2215,0.1529,-0.6837
7.84724760055542,0.2278,0.1343,-0.6433
7.856356620788574,0.2522,0.1152,-0.5905
7.864587783813477,0.1648,0.0699,-0.4282
7.876728296279907,0.1096,0.0457,-0.2603
7.8854289054870605,0.0178,0.0137,0.002
7.896708250045776,-0.1105,-0.0632,0.3259
7.905486822128296,-0.1306,-0.0892,0.4839
7.917208194732666,-0.2944,-0.1781,0.6928
7.926010847091675,-0.2808,-0.2667,0.8796
7.9374730587005615,-0.2382,-0.3132,0.8584
7.946692228317261,-0.2513,-0.3835,0.7678
7.9547178745269775,-0.2258,-0.3007,0.5738
7.966698408126831,-0.2242,-0.1663,0.4329
7.975100517272949,-0.1765,-0.085,0.327
7.986945390701294,-0.1329,0.0139,0.0081
7.995615243911743,-0.0906,0.0975,-0.2187
8.007224321365356,0.0526,0.1186,-0.3027
8.017056941986084,0.1497,0.1425,-0.4581
8.027467727661133,0.2151,0.2369,-0.5646
8.036558866500854,0.2818,0.304,-0.6298
8.044764280319214,0.2742,0.3233,-0.7067
8.0567467212677,0.2509,0.3046,-0.7524
8.065610408782959,0.2087,0.2933,-0.7723
8.07693099975586,0.2523,0.3196,-0.6473
8.085845470428467,0.1686,0.1818,-0.4879
8.097357034683228,0.1476,0.0668,-0.4196
8.106293678283691,0.0303,-0.0649,-0.1307
8.117305517196655,-0.0091,-0.1027,0.2349
8.127381086349487,-0.1385,-0.1917,0.5491
8.134974002838135,-0.2133,-0.2647,0.7285
8.146904945373535,-0.2732,-0.3292,0.9335
8.155398845672607,-0.2946,-0.3143,0.9046
8.16718077659607,-0.2739,-0.2313,0.7426
8.175832986831665,-0.2383,-0.1959,0.6414
8.18736982345581,-0.2385,-0.1794,0.5085
8.196399927139282,-0.2086,-0.1047,0.2858
8.207289218902588,-0.14,-0.0429,0.1818
8.216700077056885,-0.0829,-0.0408,0.0065
8.2250235080719,0.037,0.0452,-0.1866
8.23700761795044,0.1124,0.0769,-0.3351
8.245450735092163,0.1653,0.1557,-0.4794
8.257140874862671,0.1641,0.1954,-0.5798
8.265903234481812,0.1981,0.2421,-0.7001
8.277355194091797,0.1942,0.259,-0.7536
8.286984205245972,0.1798,0.2405,-0.7952
8.294524431228638,0.2787,0.2117,-0.5815
8.306799411773682,0.1553,0.0627,-0.5488
8.315067529678345,0.0961,0.05,-0.4182
8.327150344848633,0.0226,-0.1277,-0.0378
8.335474967956543,-0.0763,-0.2037,0.3198
8.347307443618774,-0.1726,-0.228,0.5342
8.356359004974365,-0.2203,-0.2545,0.6981
8.367501020431519,-0.2797,-0.2803,0.8602
8.376688241958618,-0.2454,-0.2736,0.8117
8.384772539138794,-0.205,-0.2439,0.6993
8.396863460540771,-0.2274,-0.2317,0.5419
8.405243635177612,-0.1151,-0.1412,0.3369
8.417068481445312,-0.1487,-0.1189,0.1763
8.425697326660156,-0.1175,-0.0726,0.0449
8.437228441238403,-0.038,-0.0621,-0.0504
8.446155309677124,0.0521,0.0186,-0.1923
8.457489728927612,0.129,0.0789,-0.3444
8.467174053192139,0.1936,0.1618,-0.4638
8.474735736846924,0.2219,0.2473,-0.5756
8.486904382705688,0.2537,0.2971,-0.7241
8.495335578918457,0.239,0.2749,-0.8015
8.507173299789429,0.2451,0.2335,-0.7971
8.515759229660034,0.2825,0.2592,-0.6055
8.527181625366211,0.2372,0.1163,-0.5286
8.536242246627808,0.2062,0.0937,-0.5123
8.547513723373413,0.0875,-0.0067,-0.2312
8.55664610862732,-0.0109,-0.1035,0.059
8.564985990524292,-0.1605,-0.1819,0.3871
8.57698941230774,-0.3072,-0.2297,0.7123
8.585521697998047,-0.3506,-0.2379,0.9938
8.59737253189087,-0.3524,-0.2517,0.9766
8.60602355003357,-0.2986,-0.2273,0.8068
8.617495775222778,-0.2397,-0.1799,0.6088
8.62644648551941,-0.3007,-0.1987,0.5204
8.637689352035522,-0.2239,-0.1398,0.3553
8.646645307540894,-0.2043,-0.0613,0.2529
8.654898166656494,-0.1787,-0.0419,0.0787
8.666914939880371,-0.0486,0.0027,-0.0608
8.675518274307251,0.0775,0.0609,-0.2128
8.687160730361938,0.1666,0.0963,-0.4379
8.695828199386597,0.2277,0.1754,-0.5709
8.707671403884888,0.2685,0.2546,-0.6705
8.71616506576538,0.2869,0.2714,-0.7315
8.727570056915283,0.2787,0.2325,-0.7325
8.736716270446777,0.2616,0.1808,-0.6866
8.744983196258545,0.3051,0.1661,-0.5584
8.757089138031006,0.2377,0.0252,-0.3082
8.765410423278809,0.1498,-0.0236,-0.257
8.777211904525757,0.0365,-0.0667,-0.0516
8.785837888717651,-0.1197,-0.1713,0.3248
8.797515153884888,-0.2086,-0.2161,0.5752
8.806413888931274,-0.2759,-0.2424,0.7694
8.814678192138672,-0.3058,-0.2685,0.8511
8.826826095581055,-0.2482,-0.245,0.7423
8.835116386413574,-0.2524,-0.1918,0.5983
8.846728086471558,-0.3101,-0.2078,0.5508
8.855205059051514,-0.2431,-0.1382,0.3965
8.867408752441406,-0.1939,-0.1144,0.1741
8.876073122024536,-0.1129,-0.0602,0.0043
8.887522459030151,0.0064,0.0286,-0.1617
8.896333456039429,0.1129,0.1147,-0.4071
8.904632806777954,0.1714,0.1722,-0.5734
8.91658902168274,0.2332,0.2169,-0.6504
8.925087213516235,0.2601,0.272,-0.7133
8.937050104141235,0.2713,0.2691,-0.786
8.945544481277466,0.2857,0.199,-0.7207
8.95725154876709,0.353,0.3214,-0.567
8.966365814208984,0.2491,0.1616,-0.4476
8.977340698242188,0.2389,0.0782,-0.5496
8.986273050308228,0.157,-0.0328,-0.3291
8.99440312385559,0.065,-0.0812,-0.0428
9.006487846374512,-0.0677,-0.1268,0.3063
9.015612840652466,-0.1845,-0.1951,0.589
9.026589155197144,-0.2523,-0.2758,0.8297
9.034992933273315,-0.2963,-0.3585,0.9661
9.047057867050171,-0.3128,-0.3284,0.8833
9.05593466758728,-0.2398,-0.2833,0.7498
9.06735873222351,-0.2343,-0.2019,0.5702
9.07641077041626,-0.2246,-0.1663,0.4301
9.084522247314453,-0.2241,-0.0674,0.3014
9.09675908088684,-0.1734,-0.031,0.1782
9.10497760772705,-0.0526,0.0289,-0.0124
9.117003679275513,0.0383,0.0276,-0.1281
9.125467777252197,0.12,0.1077,-0.3361
9.137143611907959,0.2057,0.1682,-0.5165
9.14595913887024,0.2563,0.2225,-0.5963
9.157496929168701,0.2779,0.2974,-0.7139
9.166275978088379,0.2572,0.2997,-0.7725
9.174447774887085,0.2538,0.2711,-0.7796
9.18682074546814,0.3076,0.2896,-0.6936
9.194932460784912,0.1931,0.266,-0.5338
9.206930875778198,0.1706,0.1674,-0.4683
9.215466022491455,0.0247,0.0405,-0.1898
9.227075099945068,-0.087,-0.0887,0.282
9.235649347305298,-0.1985,-0.2297,0.6406
9.247446537017822,-0.2395,-0.2505,0.8714
9.256141185760498,-0.273,-0.2495,0.9663
9.264426231384277,-0.2978,-0.3038,0.9689
9.276498079299927,-0.2537,-0.2878,0.7851
9.284937620162964,-0.2629,-0.2813,0.6394
9.296871185302734,-0.249,-0.1959,0.475
9.30535101890564,-0.2109,-0.1043,0.3409
9.317205667495728,-0.1495,-0.0491,0.2343
9.325825214385986,-0.0771,0.0643,-0.0359
9.334136009216309,0.0145,0.1011,-0.2625
9.34631872177124,0.09,0.1553,-0.3732
9.35451889038086,0.1582,0.2229,-0.5018
9.366537094116211,0.1962,0.2874,-0.6281
9.375135660171509,0.235,0.2822,-0.6242
9.38705587387085,0.2347,0.2719,-0.6906
9.395577192306519,0.2223,0.2303,-0.6847
9.407344341278076,0.1991,0.1594,-0.587
9.416419744491577,0.1856,0.1782,-0.4386
9.424709558486938,0.1677,0.0621,-0.3987
9.436885118484497,0.0881,-0.0057,-0.3378
9.445244789123535,-0.0151,-0.0914,0.0287
9.457250356674194,-0.1136,-0.1118,0.4304
9.465662002563477,-0.2677,-0.1569,0.7292
9.47751235961914,-0.285,-0.2183,0.9196
9.486361026763916,-0.2885,-0.2811,0.9211
9.497882604598999,-0.2418,-0.2771,0.7447
9.506887674331665,-0.2038,-0.2681,0.6028
9.514990091323853,-0.2195,-0.275,0.4593
9.527180910110474,-0.1429,-0.1589,0.2255
9.53541612625122,-0.1252,-0.0833,0.077
9.54738473892212,-0.0331,0.0024,-0.0504
9.555829286575317,0.0583,0.0684,-0.2561
9.567440271377563,0.1411,0.1332,-0.4506
9.576367139816284,0.2123,0.183,-0.5629
9.587894678115845,0.2438,0.2541,-0.6572
9.598329544067383,0.234,0.2972,-0.7515
9.6051607131958,0.2423,0.2818,-0.7632
9.617170333862305,0.2178,0.2518,-0.7515
9.625540256500244,0.284,0.2732,-0.6214
9.637583255767822,0.1945,0.1668,-0.4182
9.645786762237549,0.1592,0.029,-0.3773
9.65774917602539,0.0582,-0.1002,0.0085
9.666548252105713,-0.052,-0.2184,0.4073
9.678015232086182,-0.1548,-0.2715,0.702
9.687091827392578,-0.2382,-0.3069,0.8915
9.695237398147583,-0.2696,-0.2968,0.9577
9.707266092300415,-0.2592,-0.2305,0.7991
9.71565556526184,-0.2225,-0.1895,0.6408
9.727421998977661,-0.2111,-0.1303,0.435
9.736098527908325,-0.1737,-0.0714,0.2809
9.747737884521484,-0.106,-0.0451,0.1365
9.756669282913208,-0.0958,-0.0443,0.1039
9.767932891845703,-0.0262,0.0118,-0.0704
9.777055263519287,0.0261,0.0279,-0.1277
9.785295248031616,0.0947,0.076,-0.238
9.797712564468384,0.0958,0.1254,-0.4091
9.80569052696228,0.1601,0.1827,-0.4783
9.817572832107544,0.1751,0.2291,-0.5496
9.826155424118042,0.1769,0.2289,-0.6639
9.837806224822998,0.2092,0.2091,-0.6807
9.846610069274902,0.1669,0.2009,-0.6384
9.854822158813477,0.2001,0.1863,-0.4991
9.867096424102783,0.1651,0.0722,-0.4714
9.875308752059937,0.1262,0.0023,-0.365
9.887418270111084,0.0417,-0.1093,-0.1575
9.895916938781738,-0.0611,-0.1617,0.1918
9.907595157623291,-0.173,-0.2005,0.5439
9.916435956954956,-0.2529,-0.2726,0.7767
9.927931547164917,-0.2931,-0.3033,0.8383
9.936851501464844,-0.274,-0.2745,0.7831
9.945039510726929,-0.236,-0.2187,0.636
9.95727276802063,-0.2446,-0.2469,0.5427
9.966558694839478,-0.1681,-0.1936,0.4269
9.977566003799438,-0.1409,-0.1428,0.1904
9.986167430877686,-0.1052,-0.1132,0.0572
9.997846126556396,0.0106,-0.0879,-0.061
10.006479740142822,0.0767,-0.0109,-0.2303
